{"cameraMode":{"drawMode":0,"name":"Shaded","section":"Shading Mode"},"sceneLighting":true,"audioPlay":false,"sceneViewState":{"showFog":false,"showMaterialUpdate":false,"showSkybox":true,"showFlares":false,"showImageEffects":false,"showParticleSystems":false},"in2DMode":false,"pivot":{"x":-3.880678176879883,"y":0.3010978698730469,"z":-4.266265869140625},"rotation":{"x":0.08107516169548035,"y":-0.9077437520027161,"z":0.2066110223531723,"w":0.35603803396224978},"size":9.924899101257325,"orthographic":false}