{"cameraMode":{"drawMode":0,"name":"Shaded","section":"Shading Mode"},"sceneLighting":false,"audioPlay":false,"sceneViewState":{"showFog":false,"showMaterialUpdate":false,"showSkybox":true,"showFlares":false,"showImageEffects":false,"showParticleSystems":false},"in2DMode":false,"pivot":{"x":17.594934463500978,"y":12.73249626159668,"z":7.043211936950684},"rotation":{"x":0.4167400598526001,"y":0.058562085032463077,"z":-0.02691502310335636,"w":0.9067416787147522},"size":11.507887840270996,"orthographic":false}