{"cameraMode":{"drawMode":0,"name":"Shaded","section":"Shading Mode"},"sceneLighting":false,"audioPlay":false,"sceneViewState":{"showFog":false,"showMaterialUpdate":false,"showSkybox":false,"showFlares":false,"showImageEffects":false,"showParticleSystems":false},"in2DMode":false,"pivot":{"x":1.2899999618530274,"y":1.6413702964782715,"z":0.51979660987854},"rotation":{"x":-0.08605403453111649,"y":0.9002178311347961,"z":-0.20775282382965089,"w":-0.3728824257850647},"size":2.226295232772827,"orthographic":false}