{"cameraMode":{"drawMode":0,"name":"Shaded","section":"Shading Mode"},"sceneLighting":true,"audioPlay":false,"sceneViewState":{"showFog":false,"showMaterialUpdate":false,"showSkybox":true,"showFlares":false,"showImageEffects":false,"showParticleSystems":false},"in2DMode":false,"pivot":{"x":46.833282470703128,"y":-301.37127685546877,"z":80.48307800292969},"rotation":{"x":-0.0007647678139619529,"y":0.7722011804580689,"z":-0.6353798508644104,"w":-0.0009292389149777591},"size":264.2568664550781,"orthographic":false}