{"cameraMode":{"drawMode":0,"name":"Shaded","section":"Shading Mode"},"sceneLighting":false,"audioPlay":false,"sceneViewState":{"showFog":false,"showMaterialUpdate":false,"showSkybox":false,"showFlares":false,"showImageEffects":false,"showParticleSystems":false},"in2DMode":false,"pivot":{"x":0.0016748309135437012,"y":0.04498400539159775,"z":-0.0013372749090194703},"rotation":{"x":0.24908816814422608,"y":0.2523747384548187,"z":-0.06740836054086685,"w":0.9325932860374451},"size":0.42699167132377627,"orthographic":true}