{"cameraMode":{"drawMode":0,"name":"Shaded","section":"Shading Mode"},"sceneLighting":false,"audioPlay":false,"sceneViewState":{"showFog":false,"showMaterialUpdate":false,"showSkybox":false,"showFlares":false,"showImageEffects":false,"showParticleSystems":false},"in2DMode":false,"pivot":{"x":0.02724561095237732,"y":0.02929377555847168,"z":-0.005463004112243652},"rotation":{"x":0.3513254225254059,"y":0.29464173316955569,"z":-0.11751223355531693,"w":0.8808827996253967},"size":0.4542142450809479,"orthographic":false}