{"cameraMode":{"drawMode":0,"name":"Shaded","section":"Shading Mode"},"sceneLighting":false,"audioPlay":false,"sceneViewState":{"showFog":false,"showMaterialUpdate":false,"showSkybox":false,"showFlares":false,"showImageEffects":false,"showParticleSystems":false},"in2DMode":false,"pivot":{"x":6.988645553588867,"y":15.968925476074219,"z":9.0599365234375},"rotation":{"x":0.2775754928588867,"y":0.22388724982738496,"z":-0.06668819487094879,"w":0.9318726062774658},"size":29.795650482177736,"orthographic":false}