{"cameraMode":{"drawMode":0,"name":"Shaded","section":"Shading Mode"},"sceneLighting":false,"audioPlay":false,"sceneViewState":{"showFog":false,"showMaterialUpdate":false,"showSkybox":false,"showFlares":false,"showImageEffects":false,"showParticleSystems":false},"in2DMode":false,"pivot":{"x":-7.25075626373291,"y":-0.10806899517774582,"z":6.6318359375},"rotation":{"x":4.367549877315469e-9,"y":0.9786524176597595,"z":-0.20552508533000947,"w":1.647343816912894e-9},"size":5.500026226043701,"orthographic":true}