{"cameraMode":{"drawMode":0,"name":"Shaded","section":"Shading Mode"},"sceneLighting":true,"audioPlay":false,"sceneViewState":{"showFog":false,"showMaterialUpdate":false,"showSkybox":true,"showFlares":false,"showImageEffects":false,"showParticleSystems":false},"in2DMode":false,"pivot":{"x":-1.917724609375,"y":4.56793212890625,"z":2.6396484375},"rotation":{"x":0.23609791696071626,"y":0.2588832378387451,"z":-0.06539313495159149,"w":0.9343513250350952},"size":0.9646119475364685,"orthographic":true}