{"cameraMode":{"drawMode":0,"name":"Shaded","section":"Shading Mode"},"sceneLighting":false,"audioPlay":false,"sceneViewState":{"showFog":false,"showMaterialUpdate":false,"showSkybox":false,"showFlares":false,"showImageEffects":false,"showParticleSystems":false},"in2DMode":false,"pivot":{"x":6.476809501647949,"y":5.101030349731445,"z":36.211971282958987},"rotation":{"x":0.18284286558628083,"y":0.620763897895813,"z":-0.15189610421657563,"w":0.7471123933792114},"size":3.7831180095672609,"orthographic":true}