{"cameraMode":{"drawMode":0,"name":"Shaded","section":"Shading Mode"},"sceneLighting":false,"audioPlay":false,"sceneViewState":{"showFog":false,"showMaterialUpdate":false,"showSkybox":false,"showFlares":false,"showImageEffects":false,"showParticleSystems":false},"in2DMode":false,"pivot":{"x":14.268199920654297,"y":6.392104148864746,"z":-5.641729354858398},"rotation":{"x":0.23672541975975038,"y":0.5239121913909912,"z":-0.1543465256690979,"w":0.8035351037979126},"size":47.91597366333008,"orthographic":true}