{"cameraMode":{"drawMode":0,"name":"Shaded","section":"Shading Mode"},"sceneLighting":false,"audioPlay":false,"sceneViewState":{"showFog":false,"showMaterialUpdate":false,"showSkybox":false,"showFlares":false,"showImageEffects":false,"showParticleSystems":false},"in2DMode":false,"pivot":{"x":-11.47591781616211,"y":-0.7799999713897705,"z":13.434558868408204},"rotation":{"x":0.23672541975975038,"y":0.5239121913909912,"z":-0.1543465256690979,"w":0.8035351037979126},"size":3.901785135269165,"orthographic":true}