{"cameraMode":{"drawMode":0,"name":"Shaded","section":"Shading Mode"},"sceneLighting":false,"audioPlay":false,"sceneViewState":{"showFog":false,"showMaterialUpdate":false,"showSkybox":false,"showFlares":false,"showImageEffects":false,"showParticleSystems":false},"in2DMode":false,"pivot":{"x":48.1741828918457,"y":7.091484069824219,"z":12.312098503112793},"rotation":{"x":0.23672541975975038,"y":0.5239121913909912,"z":-0.1543465256690979,"w":0.8035351037979126},"size":52.50388717651367,"orthographic":true}