{"cameraMode":{"drawMode":0,"name":"Shaded","section":"Shading Mode"},"sceneLighting":false,"audioPlay":false,"sceneViewState":{"showFog":false,"showMaterialUpdate":false,"showSkybox":false,"showFlares":false,"showImageEffects":false,"showParticleSystems":false},"in2DMode":false,"pivot":{"x":14.093700408935547,"y":4.810860633850098,"z":-1.3026809692382813},"rotation":{"x":0.23672541975975038,"y":0.5239121913909912,"z":-0.1543465256690979,"w":0.8035351037979126},"size":70.53594207763672,"orthographic":true}