{"cameraMode":{"drawMode":0,"name":"Shaded","section":"Shading Mode"},"sceneLighting":false,"audioPlay":false,"sceneViewState":{"showFog":false,"showMaterialUpdate":false,"showSkybox":false,"showFlares":false,"showImageEffects":false,"showParticleSystems":false},"in2DMode":false,"pivot":{"x":-0.11328941583633423,"y":0.13478055596351624,"z":0.0983855128288269},"rotation":{"x":0.22188618779182435,"y":-0.4109558165073395,"z":0.1038396880030632,"w":0.8781276345252991},"size":1.0750700235366822,"orthographic":false}