{"cameraMode":{"drawMode":0,"name":"Shaded","section":"Shading Mode"},"sceneLighting":false,"audioPlay":false,"sceneViewState":{"showFog":false,"showMaterialUpdate":false,"showSkybox":false,"showFlares":false,"showImageEffects":false,"showParticleSystems":false},"in2DMode":false,"pivot":{"x":19.06640625,"y":0.06049942970275879,"z":9.468915939331055},"rotation":{"x":0.5671340823173523,"y":-0.07999809831380844,"z":0.055474232882261279,"w":0.8178552985191345},"size":1.4150971174240113,"orthographic":false}