{"cameraMode":{"drawMode":0,"name":"Shaded","section":"Shading Mode"},"sceneLighting":false,"audioPlay":false,"sceneViewState":{"showFog":false,"showMaterialUpdate":false,"showSkybox":true,"showFlares":false,"showImageEffects":false,"showParticleSystems":false},"in2DMode":false,"pivot":{"x":28.325321197509767,"y":8.213470458984375,"z":43.38465881347656},"rotation":{"x":-0.09108952432870865,"y":0.8939765095710754,"z":-0.21197129786014558,"w":-0.3841819167137146},"size":17.72793197631836,"orthographic":false}