{"cameraMode":{"drawMode":0,"name":"Shaded","section":"Shading Mode"},"sceneLighting":false,"audioPlay":false,"sceneViewState":{"showFog":false,"showMaterialUpdate":false,"showSkybox":false,"showFlares":false,"showImageEffects":false,"showParticleSystems":false},"in2DMode":false,"pivot":{"x":-3.6319994926452638,"y":2.2295303344726564,"z":-5.04078483581543},"rotation":{"x":-0.31495827436447146,"y":-0.3257335126399994,"z":0.11606687307357788,"w":-0.8838707804679871},"size":4.833446025848389,"orthographic":false}